,precision,recall,fbeta
0,0.716012084592145,0.6163849154746424,0.6624737945492662
